Type,Name,Request Count,Failure Count,Median Response Time,Average Response Time,Min Response Time,Max Response Time,Average Content Size,Requests/s,Failures/s,50%,66%,75%,80%,90%,95%,98%,99%,99.9%,99.99%,100%
GET,/api/v1/notifications,178,0,12000.0,11867.325418530323,869.46783302119,24448.75487498939,102846.89887640449,2.1631670081932244,0.0,12000,14000,15000,17000,20000,22000,24000,24000,24000,24000,24000
POST,/api/v1/statuses [POST],355,355,7700.0,8325.458005163982,170.18570803338662,22873.051792033948,29.0,4.3141813927449135,4.3141813927449135,7700,11000,12000,13000,16000,20000,21000,22000,23000,23000,23000
POST,/api/v1/statuses/:id/favourite,98,1,9100.0,9551.490278954367,592.8744580014609,23206.495541031472,1628.265306122449,1.1909571168704267,0.012152623641534967,9300,12000,13000,14000,17000,22000,23000,23000,23000,23000,23000
GET,/api/v1/timelines/home,507,0,9700.0,10153.701893661977,331.3044580281712,25260.132999974303,32984.83037475345,6.161380186258229,0.0,9700,12000,14000,15000,18000,21000,23000,23000,25000,25000,25000
GET,/api/v1/timelines/public,295,0,95,195.50446059724504,85.30104102101177,13011.799500032794,31071.57966101695,3.5850239742528154,0.0,95,98,110,140,220,260,450,1700,13000,13000,13000
GET,/api/v1/timelines/public [fav sample],98,0,51,363.5292414573439,44.38912495970726,14691.618916986044,7789.173469387755,1.1909571168704267,0.0,51,55,61,160,180,210,13000,15000,15000,15000,15000
GET,/api/v2/search,86,0,7600.0,7650.110091989031,82.33362500322983,20386.51275000302,768.953488372093,1.0451256331720071,0.0,8100,10000,12000,13000,15000,18000,20000,20000,20000,20000,20000
,Aggregated,1617,356,6900.0,7361.226699570722,44.38912495970726,25260.132999974303,27950.22077922078,19.650792428362042,4.326334016386449,6900,10000,12000,13000,17000,20000,22000,23000,25000,25000,25000
