Type,Name,Request Count,Failure Count,Median Response Time,Average Response Time,Min Response Time,Max Response Time,Average Content Size,Requests/s,Failures/s,50%,66%,75%,80%,90%,95%,98%,99%,99.9%,99.99%,100%
GET,/api/v1/notifications,63,0,6300.0,9603.933035048642,2344.6949999779463,28089.687458996195,102795.76190476191,1.0132820006848366,0.0,6300,9800,13000,18000,22000,25000,28000,28000,28000,28000,28000
POST,/api/v1/statuses [POST],126,126,1100.0,2270.579531103269,109.658999950625,10551.509625045583,29.0,2.0265640013696733,2.0265640013696733,1200,2300,2900,3500,6200,8500,10000,10000,11000,11000,11000
POST,/api/v1/statuses/:id/favourite,33,3,4200.0,6965.25869452197,638.2279169629328,27081.96937502362,1466.030303030303,0.5307667622634858,0.04825152384213508,4200,5500,7300,11000,21000,26000,27000,27000,27000,27000,27000
GET,/api/v1/timelines/home,154,0,3600.0,5980.139358481694,646.7161669861525,24658.60183298355,32930.22077922078,2.4769115572296005,0.0,3700,4900,6500,9000,18000,20000,22000,24000,25000,25000,25000
GET,/api/v1/timelines/public,91,0,94,326.05925461745585,87.33658399432898,10292.67912497744,30281.45054945055,1.4636295565447641,0.0,94,98,100,110,200,210,7400,10000,10000,10000,10000
GET,/api/v1/timelines/public [fav sample],33,0,50,610.1195820868297,45.49208300886676,11365.144458017312,7592.666666666667,0.5307667622634858,0.0,50,53,55,59,170,3700,11000,11000,11000,11000,11000
GET,/api/v2/search,36,0,1200.0,1997.770429389978,141.50175004033372,15123.564957990311,910.1111111111111,0.579018286105621,0.0,1300,2000,2600,2700,4100,5000,15000,15000,15000,15000,15000
,Aggregated,536,129,2100.0,4036.680735241745,45.49208300886676,28089.687458996195,27310.361940298506,8.620938926461468,2.0748155252118083,2100,3600,4700,5700,11000,19000,23000,25000,28000,28000,28000
