Type,Name,Request Count,Failure Count,Median Response Time,Average Response Time,Min Response Time,Max Response Time,Average Content Size,Requests/s,Failures/s,50%,66%,75%,80%,90%,95%,98%,99%,99.9%,99.99%,100%
GET,/api/v1/notifications,152,7,9500.0,9938.422488729166,53.553667035885155,18016.085334005766,98109.88815789473,1.8692606895098414,0.08608437385900586,9700,12000,14000,14000,15000,16000,16000,17000,18000,18000,18000
POST,/api/v1/statuses [POST],354,321,6400.0,6498.679519787669,45.95079203136265,15475.390082981903,180.01129943502823,4.353409763726868,3.9475834298201256,6500,8000,9400,11000,12000,13000,13000,14000,15000,15000,15000
POST,/api/v1/statuses/:id/favourite,67,5,8700.0,9006.056346986164,52.31399997137487,16979.26454199478,1516.7313432835822,0.8239504355076275,0.06148883847071847,8700,11000,12000,13000,14000,15000,16000,17000,17000,17000,17000
GET,/api/v1/timelines/home,492,47,8300.0,8014.088118835722,50.348290998954326,17618.192708992865,29840.967479674797,6.050501705518697,0.5779950816247537,8300,9600,11000,12000,14000,15000,16000,16000,18000,18000,18000
GET,/api/v1/timelines/public,264,0,94,202.2080874102716,84.8447079770267,11340.669333003461,30994.579545454544,3.246610671253935,0.0,94,97,99,100,200,210,260,4600,11000,11000,11000
GET,/api/v1/timelines/public [fav sample],67,0,51,504.7948569538934,44.92133401799947,11513.372832967434,7745.238805970149,0.8239504355076275,0.0,51,52,57,65,190,600,11000,12000,12000,12000,12000
GET,/api/v2/search,73,6,6200.0,6253.156485760023,53.456416993867606,13426.718708011322,736.7260273972603,0.8977370416724897,0.07378660616486216,6200,7300,7900,9500,12000,13000,13000,13000,13000,13000,13000
,Aggregated,1469,386,6400.0,6059.356373015411,44.92133401799947,18016.085334005766,26218.57385976855,18.065420742697086,4.746938329939466,6400,8500,9600,11000,13000,14000,15000,16000,18000,18000,18000
