Type,Name,Request Count,Failure Count,Median Response Time,Average Response Time,Min Response Time,Max Response Time,Average Content Size,Requests/s,Failures/s,50%,66%,75%,80%,90%,95%,98%,99%,99.9%,99.99%,100%
GET,/api/v1/notifications,79,12,8200.0,7330.0002594669995,821.2793330312707,18990.718792018015,87408.30379746835,1.484917951038473,0.22555715711976804,8200,9500,10000,11000,12000,13000,15000,19000,19000,19000,19000
POST,/api/v1/statuses [POST],220,220,1800.0,2215.96668391933,106.94804100785404,10325.065000040922,276.7318181818182,4.135214547195748,4.135214547195748,1800,2400,2900,3300,4800,5900,7700,8300,10000,10000,10000
POST,/api/v1/statuses/:id/favourite,42,8,6700.0,5806.05356154653,329.97208304004744,12868.819917028304,1551.095238095238,0.7894500499191881,0.15037143807984538,6700,8100,8300,8600,9700,11000,13000,13000,13000,13000,13000
GET,/api/v1/timelines/home,347,77,5000.0,5326.963146286614,423.27675002161413,16577.16529100435,25962.763688760806,6.522361126713292,1.4473250915185116,5000,6500,7500,7800,9100,11000,12000,14000,17000,17000,17000
GET,/api/v1/timelines/public,176,0,95,186.5889999809786,84.95166600914672,7696.384500013664,30289.363636363636,3.308171637756598,0.0,95,99,100,130,200,210,280,5200,7700,7700,7700
GET,/api/v1/timelines/public [fav sample],42,0,50,193.3563749466668,43.628583021927625,3030.8282090118155,7831.523809523809,0.7894500499191881,0.0,50,51,53,58,160,520,3000,3000,3000,3000,3000
GET,/api/v2/search,58,2,1800.0,2067.5206493951605,255.3370840032585,6858.1041659927,766.0689655172414,1.090192926078879,0.037592859519961344,1900,2200,2500,2900,3800,5400,5700,6900,6900,6900,6900
,Aggregated,964,319,2300.0,3443.7447943110856,43.628583021927625,18990.718792018015,22556.6867219917,18.119758288621366,5.996061093433834,2300,4300,5600,6600,8600,9800,12000,13000,19000,19000,19000
