Type,Name,Request Count,Failure Count,Median Response Time,Average Response Time,Min Response Time,Max Response Time,Average Content Size,Requests/s,Failures/s,50%,66%,75%,80%,90%,95%,98%,99%,99.9%,99.99%,100%
GET,/api/v1/notifications,22,0,110.0,121.11659081314097,55.619750171899796,242.65041621401906,12732.5,0.3728336036768261,0.0,150,160,170,170,180,190,240,240,240,240,240
POST,/api/v1/statuses [POST],77,0,95,105.72919208411273,83.27837474644184,306.1284590512514,1649.4285714285713,1.3049176128688915,0.0,95,100,110,110,130,150,200,310,310,310,310
POST,/api/v1/statuses/:id/favourite,7,0,90,94.33064303760018,79.11454187706113,141.36708294972777,1639.7142857142858,0.11862887389717194,0.0,90,93,94,94,140,140,140,140,140,140,140
GET,/api/v1/timelines/home,67,0,180.0,192.85663005325998,78.14395893365145,409.32670794427395,30570.17910447761,1.1354477930157887,0.0,180,200,200,220,230,280,280,410,410,410,410
GET,/api/v1/timelines/public,22,0,170.0,188.07748669165778,164.92958273738623,368.4685421176255,30969.31818181818,0.3728336036768261,0.0,180,190,190,190,200,210,370,370,370,370,370
GET,/api/v1/timelines/public [fav sample],7,0,110.0,119.28662471473217,80.0817497074604,246.0191249847412,7743.0,0.11862887389717194,0.0,110,110,120,120,250,250,250,250,250,250,250
GET,/api/v2/search,11,0,62,75.7337576625022,58.291124645620584,177.9765421524644,467.72727272727275,0.18641680183841305,0.0,62,70,71,71,82,180,180,180,180,180,180
,Aggregated,213,0,130.0,141.75213106903533,55.619750171899796,409.32670794427395,15058.55399061033,3.6097071628710893,0.0,130,170,180,190,200,230,280,310,410,410,410
